{
  "id": "",
  "name": "",
  "font_family": "iconfont",
  "css_prefix_text": "icon-",
  "description": "",
  "glyphs": [
    {
      "icon_id": "5227579",
      "name": "足迹",
      "font_class": "zuji",
      "unicode": "e666",
      "unicode_decimal": 58982
    },
    {
      "icon_id": "7196668",
      "name": "手机",
      "font_class": "shouji",
      "unicode": "e63d",
      "unicode_decimal": 58941
    },
    {
      "icon_id": "8150444",
      "name": "购物车空",
      "font_class": "gouwuche",
      "unicode": "e505",
      "unicode_decimal": 58629
    },
    {
      "icon_id": "8746061",
      "name": "收 藏",
      "font_class": "shoucang",
      "unicode": "e503",
      "unicode_decimal": 58627
    },
    {
      "icon_id": "11925311",
      "name": "消息",
      "font_class": "xiaoxi",
      "unicode": "e67d",
      "unicode_decimal": 59005
    },
    {
      "icon_id": "12293604",
      "name": "优惠券 (1)",
      "font_class": "yingxiao",
      "unicode": "e603",
      "unicode_decimal": 58883
    }
  ]
}
